ONTOLOGY,ID,Description,GeneRatio,BgRatio,pvalue,p.adjust,qvalue,geneID,Count
GO_BP,GO:0050911,detection of chemical stimulus involved in sensory perception of smell,21/23,378/18588,4.16506791100167e-34,1.66602716440067e-32,1.35912742359002e-32,OR4B1/OR4X2/OR4S1/OR4C3/OR4C45/OR4A47/OR4A16/OR4A15/OR4P4/OR4C6/OR4S2/OR5D14/OR5L2/OR5L1/OR5D18/OR5D16/OR5F1/OR5AS1/OR8U8/OR8U1/OR8J1,21
GO_BP,GO:0007608,sensory perception of smell,21/23,402/18588,1.56631641185504e-33,3.13263282371007e-32,2.55556888250032e-32,OR4B1/OR4X2/OR4S1/OR4C3/OR4C45/OR4A47/OR4A16/OR4A15/OR4P4/OR4C6/OR4S2/OR5D14/OR5L2/OR5L1/OR5D18/OR5D16/OR5F1/OR5AS1/OR8U8/OR8U1/OR8J1,21
GO_BP,GO:0050907,detection of chemical stimulus involved in sensory perception,21/23,416/18588,3.26854668652259e-33,4.35806224869678e-32,3.55526130814737e-32,OR4B1/OR4X2/OR4S1/OR4C3/OR4C45/OR4A47/OR4A16/OR4A15/OR4P4/OR4C6/OR4S2/OR5D14/OR5L2/OR5L1/OR5D18/OR5D16/OR5F1/OR5AS1/OR8U8/OR8U1/OR8J1,21
GO_BP,GO:0009593,detection of chemical stimulus,21/23,449/18588,1.68152877741468e-32,1.68152877741468e-31,1.37177347631198e-31,OR4B1/OR4X2/OR4S1/OR4C3/OR4C45/OR4A47/OR4A16/OR4A15/OR4P4/OR4C6/OR4S2/OR5D14/OR5L2/OR5L1/OR5D18/OR5D16/OR5F1/OR5AS1/OR8U8/OR8U1/OR8J1,21
GO_BP,GO:0007606,sensory perception of chemical stimulus,21/23,463/18588,3.24657156628365e-32,2.48545999445443e-31,2.02761210073914e-31,OR4B1/OR4X2/OR4S1/OR4C3/OR4C45/OR4A47/OR4A16/OR4A15/OR4P4/OR4C6/OR4S2/OR5D14/OR5L2/OR5L1/OR5D18/OR5D16/OR5F1/OR5AS1/OR8U8/OR8U1/OR8J1,21
GO_BP,GO:0050906,detection of stimulus involved in sensory perception,21/23,466/18588,3.72818999168164e-32,2.48545999445443e-31,2.02761210073914e-31,OR4B1/OR4X2/OR4S1/OR4C3/OR4C45/OR4A47/OR4A16/OR4A15/OR4P4/OR4C6/OR4S2/OR5D14/OR5L2/OR5L1/OR5D18/OR5D16/OR5F1/OR5AS1/OR8U8/OR8U1/OR8J1,21
GO_MF,GO:0004984,olfactory receptor activity,12/23,148/18588,5.17135507102545e-20,2.95506004058597e-19,2.41070687521487e-19,OR4B1/OR4X2/OR4S1/OR4C3/OR4C45/OR4A47/OR4A16/OR4A15/OR4P4/OR4C6/OR4S2/OR5F1,12
KEGG,hsa04740,Olfactory transduction,21/22,416/7715,2.99509297741307e-26,8.9852789322392e-26,6.30545889981698e-26,OR4A15/OR4A16/OR4A47/OR4B1/OR4C3/OR4C45/OR4C6/OR4P4/OR4S1/OR4S2/OR4X2/OR5AS1/OR5D14/OR5D16/OR5D18/OR5F1/OR5L1/OR5L2/OR8J1/OR8U1/OR8U8,21
