ONTOLOGY,ID,Description,GeneRatio,BgRatio,pvalue,p.adjust,qvalue,geneID,Count
KEGG,hsa05020,Prion diseases,1/2,35/7715,0.00905323849996398,0.0271597154998919,NA,NCAM2,1
KEGG,hsa04657,IL-17 signaling pathway,1/2,92/7715,0.0237089696104295,0.0355634544156442,NA,USP25,1
KEGG,hsa04514,Cell adhesion molecules (CAMs),1/2,140/7715,0.0359659512604785,0.0359659512604785,NA,NCAM2,1
