ONTOLOGY,ID,Description,GeneRatio,BgRatio,pvalue,p.adjust,qvalue,geneID,Count
GO_BP,GO:0006704,glucocorticoid biosynthetic process,3/78,17/18588,4.63307073721966e-05,0.0389369296726281,0.0355214095259063,ATP1A1/HSD3B2/HSD3B1,3
GO_BP,GO:0086009,membrane repolarization,4/78,48/18588,4.85195385328699e-05,0.0389369296726281,0.0355214095259063,KCND3/CASQ2/ATP1A1/GJA5,4
