ONTOLOGY,ID,Description,GeneRatio,BgRatio,pvalue,p.adjust,qvalue,geneID,Count
GO_BP,GO:0050832,defense response to fungus,2/11,40/18588,0.000245310905251585,0.0449513268819038,0.0302829991625458,DEFB114/IL17A,2
GO_BP,GO:0009620,response to fungus,2/11,51/18588,0.000399567350061368,0.0449513268819038,0.0302829991625458,DEFB114/IL17A,2
KEGG,hsa03030,DNA replication,1/2,36/7715,0.00931129755243809,0.032443456956244,0.00569183455372701,PRIM2,1
KEGG,hsa05321,Inflammatory bowel disease (IBD),1/2,63/7715,0.0162661889712102,0.032443456956244,0.00569183455372701,IL17A,1
KEGG,hsa05323,Rheumatoid arthritis,1/2,89/7715,0.022940337412463,0.032443456956244,0.00569183455372701,IL17A,1
KEGG,hsa04657,IL-17 signaling pathway,1/2,92/7715,0.0237089696104295,0.032443456956244,0.00569183455372701,IL17A,1
KEGG,hsa04659,Th17 cell differentiation,1/2,105/7715,0.0270362141302033,0.032443456956244,0.00569183455372701,IL17A,1
