ONTOLOGY,ID,Description,GeneRatio,BgRatio,pvalue,p.adjust,qvalue,geneID,Count
GO_BP,GO:0035269,protein O-linked mannosylation,2/17,13/18588,6.10451066077771e-05,0.0190111309201935,0.0141643215067959,TMTC2/TMTC3,2
GO_BP,GO:0035268,protein mannosylation,2/17,14/18588,7.11809836526073e-05,0.0190111309201935,0.0141643215067959,TMTC2/TMTC3,2
GO_BP,GO:0006493,protein O-linked glycosylation,3/17,94/18588,8.08984294476318e-05,0.0190111309201935,0.0141643215067959,TMTC2/TMTC3/GALNT4,3
GO_BP,GO:0009101,glycoprotein biosynthetic process,4/17,287/18588,0.000113029825201943,0.0199215066918425,0.0148426007304657,TMTC2/TMTC3/GALNT4/DCN,4
GO_MF,GO:0000030,mannosyltransferase activity,2/17,21/18588,0.000163646393709255,0.023074141513005,0.0171914843075617,TMTC2/TMTC3,2
GO_BP,GO:0009100,glycoprotein metabolic process,4/17,352/18588,0.000247525181231612,0.0254386228130464,0.0189531508528707,TMTC2/TMTC3/GALNT4/DCN,4
GO_BP,GO:0097502,mannosylation,2/17,26/18588,0.000252582070484149,0.0254386228130464,0.0189531508528707,TMTC2/TMTC3,2
KEGG,hsa00512,Mucin type O-glycan biosynthesis,2/7,30/7715,0.000303293766438886,0.00667246286165549,0.00574661873252626,GALNT4/POC1B-GALNT4,2
KEGG,hsa00514,Other types of O-glycan biosynthesis,2/7,44/7715,0.000655591392522625,0.00721150531774887,0.00621086582389855,GALNT4/POC1B-GALNT4,2
