ONTOLOGY,ID,Description,GeneRatio,BgRatio,pvalue,p.adjust,qvalue,geneID,Count
GO_BP,GO:0050911,detection of chemical stimulus involved in sensory perception of smell,23/25,378/18588,1.82098365969152e-37,2.54937712356813e-35,2.24268513877798e-35,OR4B1/OR4X1/OR4S1/OR4C3/OR4C45/OR4A47/OR4A16/OR4A15/OR4P4/OR4C6/OR4S2/OR5D13/OR5D14/OR5L2/OR5L1/OR5D18/OR5D16/OR8H2/OR8I2/OR8K3/OR8K1/OR5R1/OR5M1,23
GO_BP,GO:0007608,sensory perception of smell,23/25,402/18588,7.80098399669623e-37,5.46068879768736e-35,4.80376382954452e-35,OR4B1/OR4X1/OR4S1/OR4C3/OR4C45/OR4A47/OR4A16/OR4A15/OR4P4/OR4C6/OR4S2/OR5D13/OR5D14/OR5L2/OR5L1/OR5D18/OR5D16/OR8H2/OR8I2/OR8K3/OR8K1/OR5R1/OR5M1,23
GO_BP,GO:0050907,detection of chemical stimulus involved in sensory perception,23/25,416/18588,1.74987382861947e-36,8.16607786689085e-35,7.18369255959571e-35,OR4B1/OR4X1/OR4S1/OR4C3/OR4C45/OR4A47/OR4A16/OR4A15/OR4P4/OR4C6/OR4S2/OR5D13/OR5D14/OR5L2/OR5L1/OR5D18/OR5D16/OR8H2/OR8I2/OR8K3/OR8K1/OR5R1/OR5M1,23
GO_BP,GO:0009593,detection of chemical stimulus,23/25,449/18588,1.05713037596414e-35,3.6999563158745e-34,3.25484878915276e-34,OR4B1/OR4X1/OR4S1/OR4C3/OR4C45/OR4A47/OR4A16/OR4A15/OR4P4/OR4C6/OR4S2/OR5D13/OR5D14/OR5L2/OR5L1/OR5D18/OR5D16/OR8H2/OR8I2/OR8K3/OR8K1/OR5R1/OR5M1,23
GO_BP,GO:0007606,sensory perception of chemical stimulus,23/25,463/18588,2.17688676891588e-35,5.91244677742341e-34,5.20117498465067e-34,OR4B1/OR4X1/OR4S1/OR4C3/OR4C45/OR4A47/OR4A16/OR4A15/OR4P4/OR4C6/OR4S2/OR5D13/OR5D14/OR5L2/OR5L1/OR5D18/OR5D16/OR8H2/OR8I2/OR8K3/OR8K1/OR5R1/OR5M1,23
GO_BP,GO:0050906,detection of stimulus involved in sensory perception,23/25,466/18588,2.53390576175289e-35,5.91244677742341e-34,5.20117498465067e-34,OR4B1/OR4X1/OR4S1/OR4C3/OR4C45/OR4A47/OR4A16/OR4A15/OR4P4/OR4C6/OR4S2/OR5D13/OR5D14/OR5L2/OR5L1/OR5D18/OR5D16/OR8H2/OR8I2/OR8K3/OR8K1/OR5R1/OR5M1,23
GO_MF,GO:0004984,olfactory receptor activity,11/25,148/18588,2.26512820708843e-17,4.53025641417686e-16,3.98526316134356e-16,OR4B1/OR4X1/OR4S1/OR4C3/OR4C45/OR4A47/OR4A16/OR4A15/OR4P4/OR4C6/OR4S2,11
KEGG,hsa04740,Olfactory transduction,23/24,416/7715,8.591389641854e-29,1.7182779283708e-28,9.04356804405685e-29,OR4A15/OR4A16/OR4A47/OR4B1/OR4C3/OR4C45/OR4C6/OR4P4/OR4S1/OR4S2/OR4X1/OR5D13/OR5D14/OR5D16/OR5D18/OR5L1/OR5L2/OR5M1/OR5R1/OR8H2/OR8I2/OR8K1/OR8K3,23
