ONTOLOGY,ID,Description,GeneRatio,BgRatio,pvalue,p.adjust,qvalue,geneID,Count
GO_BP,GO:0006270,DNA replication initiation,2/13,30/18588,0.000194255605897544,0.0357433962788164,0.0225980735802196,MCM3/PRIM2,2
GO_BP,GO:0010831,positive regulation of myotube differentiation,2/13,32/18588,0.000221321339187717,0.0357433962788164,0.0225980735802196,MIR133B/MIR206,2
KEGG,hsa03030,DNA replication,2/6,36/7715,0.000313859773770295,0.00313859773770295,0.00132151483692756,MCM3/PRIM2,2
