ONTOLOGY,ID,Description,GeneRatio,BgRatio,pvalue,p.adjust,qvalue,geneID,Count
GO_BP,GO:0050911,detection of chemical stimulus involved in sensory perception of smell,17/20,378/18588,1.31150022302524e-26,2.19020537245215e-24,1.91893190526851e-24,OR4B1/OR4X2/OR4X1/OR4S1/OR4C3/OR4C45/OR4A16/OR4A15/OR5D14/OR5L2/OR5L1/OR5D18/OR5J2/OR8K5/OR8K3/OR8K1/OR5R1,17
GO_BP,GO:0007608,sensory perception of smell,17/20,402/18588,3.80391177939587e-26,3.17626633579555e-24,2.78286177545277e-24,OR4B1/OR4X2/OR4X1/OR4S1/OR4C3/OR4C45/OR4A16/OR4A15/OR5D14/OR5L2/OR5L1/OR5D18/OR5J2/OR8K5/OR8K3/OR8K1/OR5R1,17
GO_BP,GO:0050907,detection of chemical stimulus involved in sensory perception,17/20,416/18588,6.87241721015884e-26,3.82564558032175e-24,3.35181049898975e-24,OR4B1/OR4X2/OR4X1/OR4S1/OR4C3/OR4C45/OR4A16/OR4A15/OR5D14/OR5L2/OR5L1/OR5D18/OR5J2/OR8K5/OR8K3/OR8K1/OR5R1,17
GO_BP,GO:0009593,detection of chemical stimulus,17/20,449/18588,2.56558192808207e-25,1.07113045497427e-23,9.38462863166864e-24,OR4B1/OR4X2/OR4X1/OR4S1/OR4C3/OR4C45/OR4A16/OR4A15/OR5D14/OR5L2/OR5L1/OR5D18/OR5J2/OR8K5/OR8K3/OR8K1/OR5R1,17
GO_BP,GO:0007606,sensory perception of chemical stimulus,17/20,463/18588,4.35514374372096e-25,1.35484402049511e-23,1.18703636211044e-23,OR4B1/OR4X2/OR4X1/OR4S1/OR4C3/OR4C45/OR4A16/OR4A15/OR5D14/OR5L2/OR5L1/OR5D18/OR5J2/OR8K5/OR8K3/OR8K1/OR5R1,17
GO_BP,GO:0050906,detection of stimulus involved in sensory perception,17/20,466/18588,4.86770306764712e-25,1.35484402049511e-23,1.18703636211044e-23,OR4B1/OR4X2/OR4X1/OR4S1/OR4C3/OR4C45/OR4A16/OR4A15/OR5D14/OR5L2/OR5L1/OR5D18/OR5J2/OR8K5/OR8K3/OR8K1/OR5R1,17
GO_MF,GO:0004984,olfactory receptor activity,8/20,148/18588,1.55077919590925e-12,3.69971608166922e-11,3.24147831926897e-11,OR4B1/OR4X2/OR4X1/OR4S1/OR4C3/OR4C45/OR4A16/OR4A15,8
KEGG,hsa04740,Olfactory transduction,17/19,416/7715,3.11202138283919e-20,1.24480855313567e-19,9.82743594580795e-20,OR4A15/OR4A16/OR4B1/OR4C3/OR4C45/OR4S1/OR4X1/OR4X2/OR5D14/OR5D18/OR5J2/OR5L1/OR5L2/OR5R1/OR8K1/OR8K3/OR8K5,17
