ONTOLOGY,ID,Description,GeneRatio,BgRatio,pvalue,p.adjust,qvalue,geneID,Count
KEGG,hsa04727,GABAergic synapse,63/3873,89/7674,7.18700418950116e-05,0.0231421534901937,0.0215610125685035,18/107/108/196883/111/113/114/115/773/774/775/776/778/779/23710/11345/2550/9568/2554/2555/2556/2557/2558/2559/2560/2561/2562/2564/2565/2566/2567/55879/2569/2570/200959/2571/2572/2744/27165/2770/2773/2775/59345/10681/2791/55970/54331/2787/2792/10243/9001/3763/4905/5334/5567/5578/5579/5582/140679/81539/54407/6529/66008,63
