ONTOLOGY,ID,Description,GeneRatio,BgRatio,pvalue,p.adjust,qvalue,geneID,Count
KEGG,hsa05412,Arrhythmogenic right ventricular cardiomyopathy (ARVC),24/1093,77/7676,0.000107040835436565,0.0341460265042641,0.0325629488854391,88/781/55799/783/1000/1496/29119/1756/1824/1829/2697/3672/3673/3676/3685/3688/3694/3696/3908/51176/6262/6443/6445/6546,24
