ONTOLOGY,ID,Description,GeneRatio,BgRatio,pvalue,p.adjust,qvalue,geneID,Count
KEGG,hsa05033,Nicotine addiction,10/349,40/7676,8.29010173199937e-06,0.00209702011131253,0.00197876709751671,2554/2559/2560/2561/2566/2890/2893/2903/116443/57084,10
KEGG,hsa04713,Circadian entrainment,15/349,95/7676,2.16672178114526e-05,0.00209702011131253,0.00197876709751671,108/114/117/2776/2890/2893/2903/2977/3708/3763/9722/5332/5592/6262/6263,15
KEGG,hsa04080,Neuroactive ligand-receptor interaction,33/349,337/7676,2.24680726212056e-05,0.00209702011131253,0.00197876709751671,117/150/799/1129/1131/1906/2359/2554/2559/2560/2561/2566/2690/2890/2893/2894/2895/2899/2903/116443/2913/2915/2917/2918/2922/3358/5540/4988/27334/5340/59350/6754/6870,33
KEGG,hsa04724,Glutamatergic synapse,16/349,112/7676,4.16162356603814e-05,0.0029131364962267,0.00274886188177782,108/114/9229/2776/2890/2893/2899/2903/116443/2913/2915/2917/2918/3708/5332/57084,16
KEGG,hsa04540,Gap junction,12/349,85/7676,0.00042330422334425,0.023705036507278,0.0223682863282961,108/114/1950/2776/2915/2977/3358/3708/80310/5332/5592/84617,12
KEGG,hsa04723,Retrograde endocannabinoid signaling,16/349,139/7676,0.000540564766208581,0.0252263557564004,0.0238038168979568,108/114/2554/2559/2560/2561/2566/2776/2890/2893/2915/3708/3763/5599/5332/57084,16
KEGG,hsa05032,Morphine addiction,12/349,89/7676,0.000648675940132114,0.0259470376052846,0.0244838587929565,108/114/2554/2559/2560/2561/2566/3763/4988/5139/5142/5144,12
