ONTOLOGY,ID,Description,GeneRatio,BgRatio,pvalue,p.adjust,qvalue,geneID,Count
KEGG,hsa05168,Herpes simplex virus 1 infection,97/670,485/7674,9.86555954106771e-16,3.07805457681313e-13,2.90774386473575e-13,317/3112/3678/2475/4615/4790/5290/25833/6430/6432/6850/6891/140612/284406/284307/163227/7771/7694/7561/7711/7728/7761/7638/7673/7766/7767/7768/7769/7770/7772/7773/10780/9310/9422/284349/342909/26974/57335/55422/84671/59348/163087/55659/79744/147923/9668/7596/10794/92283/388566/57573/25888/83744/440515/84503/84436/348327/147658/27300/256051/162972/90233/148156/163050/147929/163081/374900/148266/148268/84765/147948/147949/199704/92285/152687/80095/84775/79898/80110/284370/90317/65251/79788/63934/728957/255403/100287226/388561/400720/388536/390927/7554/126017/374899/55769/342892/7644,97
KEGG,hsa04730,Long-term depression,20/670,57/7674,2.73881511690592e-08,4.27255158237323e-06,4.03614859333504e-06,773/2771/2775/2890/2891/2977/3480/5604/4842/4893/8605/23236/10842/5516/5518/5519/5578/5582/5593/6261,20
KEGG,hsa04360,Axon guidance,33/670,178/7674,2.31061841874063e-05,0.00210271336307917,0.00198636889899517,25/22885/655/658/91653/1630/1808/1948/285220/2047/2048/7976/2771/57689/4233/4893/10298/56288/5290/91584/5364/5532/5535/5578/5921/6091/9475/9723/9353/23380/9901/8633/7474,33
KEGG,hsa04724,Glutamatergic synapse,24/670,112/7674,2.69578636292201e-05,0.00210271336307917,0.00198636889899517,108/114/773/2771/2775/2890/2891/2893/2899/2900/2903/116443/2913/2918/3760/8605/23236/5532/5535/5578/5582/50944/22941/10991,24
KEGG,hsa04921,Oxytocin signaling pathway,28/670,151/7674,9.48557791172395e-05,0.00591900061691574,0.00559149855848991,108/114/783/10368/59284/59283/952/1956/2771/2775/2977/3768/100134444/3760/5604/4208/4893/8605/23236/5532/5535/5571/5578/5582/9475/6261/6262/6263,28
KEGG,hsa04728,Dopaminergic synapse,24/670,129/7674,0.000279959073243304,0.0145578718086518,0.0137523755277412,406/773/148327/9586/1814/2771/2775/2890/2891/2893/2903/2931/3760/3800/23236/5516/5518/5519/5523/55012/5532/5578/5582/6570,24
KEGG,hsa04713,Circadian entrainment,19/670,95/7674,0.000464875611642042,0.0207201701189024,0.0195737099638755,108/114/117/2771/2775/2890/2891/2893/2903/2977/3760/4842/23236/5578/5582/5593/6261/6262/6263,19
