ONTOLOGY,ID,Description,GeneRatio,BgRatio,pvalue,p.adjust,qvalue,geneID,Count
GO_BP,GO:0006335,DNA replication-dependent nucleosome assembly,4/95,32/16574,3.22065682048616e-05,0.0230760061187833,0.0216970564748541,HIST1H3B/HIST1H3A/HIST1H4B/HIST1H4A,4
GO_BP,GO:0034723,DNA replication-dependent nucleosome organization,4/95,32/16574,3.22065682048616e-05,0.0230760061187833,0.0216970564748541,HIST1H3B/HIST1H3A/HIST1H4B/HIST1H4A,4
GO_BP,GO:0000183,chromatin silencing at rDNA,4/95,39/16574,7.14392703714792e-05,0.0341241581474432,0.032085005640524,HIST1H3B/HIST1H3A/HIST1H4B/HIST1H4A,4
GO_BP,GO:0071625,vocalization behavior,3/95,17/16574,0.00011703300492875,0.0419270740157246,0.0394216437654736,NRXN1/AUTS2/CNTNAP2,3
GO_BP,GO:0051290,protein heterotetramerization,4/95,47/16574,0.000149585195667636,0.0428711170783444,0.0403092737799102,HIST1H3B/HIST1H3A/HIST1H4B/HIST1H4A,4
