ONTOLOGY,ID,Description,GeneRatio,BgRatio,pvalue,p.adjust,qvalue,geneID,Count
GO_BP,GO:0070498,interleukin-1-mediated signaling pathway,2/3,12/1149,0.000298470677050484,0.0182994861800843,0.0119678981557699,IL1R1/IL1RL2,2
GO_MF,GO:0004896,cytokine receptor activity,2/3,13/1149,0.000352531853601097,0.0182994861800843,0.0119678981557699,IL1R1/IL1RL2,2
GO_BP,GO:0071347,cellular response to interleukin-1,2/3,14/1149,0.000411046573378407,0.0182994861800843,0.0119678981557699,IL1R1/IL1RL2,2
GO_BP,GO:0050727,regulation of inflammatory response,2/3,16/1149,0.000541404916570542,0.0182994861800843,0.0119678981557699,IL1R1/IL1RL2,2
GO_BP,GO:0070555,response to interleukin-1,2/3,16/1149,0.000541404916570542,0.0182994861800843,0.0119678981557699,IL1R1/IL1RL2,2
KEGG,hsa04060,Cytokine-cytokine receptor interaction,2/2,30/476,0.00384785493144626,0.0230871295886776,0.0162014944481948,IL1R1/IL1RL2,2
