ONTOLOGY,ID,Description,GeneRatio,BgRatio,pvalue,p.adjust,qvalue,geneID,Count
GO_CC,GO:0097458,neuron part,4/4,60/691,5.17811048853344e-05,0.00859040964135237,0.00787103376471664,ATP8A1/GRXCR1/KCTD8/GABRA2,4
GO_CC,GO:0098793,presynapse,3/4,19/691,6.95579728044726e-05,0.00859040964135237,0.00787103376471664,ATP8A1/KCTD8/GABRA2,3
GO_CC,GO:0044456,synapse part,3/4,32/691,0.000350909674662558,0.0288915632138839,0.0264721333517368,ATP8A1/KCTD8/GABRA2,3
GO_CC,GO:0045202,synapse,3/4,43/691,0.000862288689135444,0.0459052457738507,0.0420610604789171,ATP8A1/KCTD8/GABRA2,3
GO_CC,GO:0031300,intrinsic component of organelle membrane,2/4,10/691,0.0011151071847899,0.0459052457738507,0.0420610604789171,ATP8A1/GABRA2,2
GO_CC,GO:0031301,integral component of organelle membrane,2/4,10/691,0.0011151071847899,0.0459052457738507,0.0420610604789171,ATP8A1/GABRA2,2
